Session;N_Antagene;Type analyse;Tri;N° Animal 2020;Sexe;Assignation espèce;N_tube ANTAGENE;date_relev;trace_sour;date_creat;nom_maille;id_lot;cod_maille;observateur;commune;lieu-dit;altitude;X;Y;Informations supplémentaires
S04_2020;LOT001;lot;1-Non exploitable;NA;Mâle;NA;655545;2012/01/14 15:48:01.000;3;2020-04-20;bois_delioras;18162;bois_delioras_3;;;;;;;
S04_2020;LOT002;lot;3-Exploitable;S04-022;Mâle;europaeus;655547;2012/01/14 15:45:06.000;3;2020-04-20;bois_delioras;18743;bois_delioras_3;;;;;;;
S04_2020;LOT003;lot;3-Exploitable;S04-022;Mâle;europaeus;630355;2020/01/22 08:22:50.000;3;2020-04-20;bois_delioras;18744;bois_delioras_3;;;;;;;
S04_2020;LOT004;lot;3-Exploitable;S04-023;Mâle;timidus;655540;2012/01/14 18:40:55.000;3;2020-04-20;bois_delioras;18750;bois_delioras_3;;;;;;;
S04_2020;LOT005;lot;2-Douteux;S04-020;Mâle;timidus;655526;2012/01/14 19:12:32.000;3;2020-04-20;bois_delioras;18754;bois_delioras_3;;;;;;;
S04_2020;LOT006;lot;3-Exploitable;S04-023;Mâle;timidus;655546;2012/01/14 17:02:12.000;3;2020-04-20;bois_delioras;19327;bois_delioras_3;;;;;;;
S04_2020;LOT007;lot;3-Exploitable;S04-023;Mâle;timidus;655535;2012/01/14 16:56:58.000;3;2020-04-20;bois_delioras;19328;bois_delioras_3;;;;;;;
S04_2020;LOT008;lot;3-Exploitable;S04-023;Mâle;timidus;655537;2012/01/14 17:08:14.000;3;2020-04-20;bois_delioras;19908;bois_delioras_3;;;;;;;
S04_2020;LOT009;lot;3-Exploitable;S04-018;Mâle;timidus;655541;2012/01/14 17:39:28.000;3;2020-04-20;bois_delioras;19909;bois_delioras_3;;;;;;;
S04_2020;LOT010;lot;3-Exploitable;S04-024;Mâle;timidus;655533;2012/01/14 17:46:29.000;3;2020-04-20;bois_delioras;19910;bois_delioras_3;;;;;;;
S04_2020;LOT011;lot;3-Exploitable;S04-023;Mâle;timidus;655532;2012/01/14 17:15:26.000;3;2020-04-20;bois_delioras;20489;bois_delioras_3;;;;;;;
S04_2020;LOT012;lot;3-Exploitable;S04-102;Femelle;timidus;655531;2012/01/14 17:22:38.000;3;2020-04-20;bois_delioras;20490;bois_delioras_3;;;;;;;
S04_2020;LOT013;lot;3-Exploitable;S04-024;Mâle;timidus;655527;2012/01/14 17:30:03.000;3;2020-04-20;bois_delioras;20491;bois_delioras_3;;;;;;;
S04_2020;LOT014;lot;3-Exploitable;S04-103;Femelle;timidus;626625;2020/01/22 11:19:28.000;3;2020-04-20;bois_delioras;21069;bois_delioras_3;;;;;;;
S04_2020;LOT015;lot;3-Exploitable;S04-017;Femelle;timidus;655530;2012/01/14 20:01:34.000;3;2020-04-20;bois_delioras;21072;bois_delioras_3;;;;;;;
S04_2020;LOT016;lot;3-Exploitable;S04-104;Mâle;europaeus;630342;2020/01/22 09:59:39.000;3;2020-04-20;bois_delioras;22233;bois_delioras_3;;;;;;;
S04_2020;LOT017;lot;3-Exploitable;S04-105;Mâle;europaeus;630321;2020/01/22 10:24:37.000;3;2020-04-20;bois_delioras;22815;bois_delioras_3;;;;;;;
S04_2020;LOT018;lot;3-Exploitable;S04-025;Femelle;timidus;630306;2020/01/23 09:34:57.000;31;2020-04-20;font_crese;28044;font_crese_31;;;;;;;
S04_2020;LOT019;lot;3-Exploitable;S04-025;Femelle;timidus;630362;2020/01/23 09:34:57.000;31;2020-04-20;font_crese;28626;font_crese_31;;;;;;;
S04_2020;LOT020;lot;1-Non exploitable;NA;-;NA;630375;2020/01/23 09:34:57.000;31;2020-04-20;font_crese;29788;font_crese_31;;;;;;;
S04_2020;LOT021;lot;3-Exploitable;S04-106;Femelle;timidus;630341;2020/01/23 09:34:57.000;31;2020-04-20;font_crese;30370;font_crese_31;;;;;;;
S04_2020;LOT022;lot;3-Exploitable;S04-026;Mâle;timidus;630327;2020/01/23 09:34:57.000;31;2020-04-20;font_crese;30372;font_crese_31;;;;;;;
S04_2020;LOT023;lot;3-Exploitable;S04-026;Mâle;timidus;630326;2020/01/23 09:34:57.000;31;2020-04-20;font_crese;32106;font_crese_31;;;;;;;
S04_2020;LOT024;lot;3-Exploitable;S04-026;Mâle;timidus;630333;2020/01/23 09:34:57.000;31;2020-04-20;font_crese;32686;font_crese_31;;;;;;;
S04_2020;LOT025;lot;3-Exploitable;S04-107;Mâle;timidus;630496;2020/02/17 09:30:12.000;36;2020-04-20;meyries;41966;meyries_36;;;;;;;
S04_2020;LOT026;lot;3-Exploitable;S04-108;Femelle;europaeus;630499;2020/02/17 09:34:31.000;36;2020-04-20;meyries;41967;meyries_36;;;;;;;
S04_2020;LOT027;lot;3-Exploitable;S04-109;Femelle;europaeus;630476;2020/02/17 09:38:52.000;36;2020-04-20;meyries;42548;meyries_36;;;;;;;
S04_2020;LOT028;lot;3-Exploitable;S04-110;Femelle;timidus;630498;2020/02/17 11:17:29.000;36;2020-04-20;meyries;42550;meyries_36;;;;;;;
S04_2020;LOT029;lot;1-Non exploitable;NA;-;timidus;630478;2020/02/17 11:34:09.000;36;2020-04-20;meyries;43130;meyries_36;;;;;;;
S04_2020;LOT030;lot;1-Non exploitable;NA;-;NA;630486;2020/02/17 11:27:42.000;36;2020-04-20;meyries;43131;meyries_36;;;;;;;
S04_2020;LOT031;lot;1-Non exploitable;NA;-;NA;630495;2020/02/17 11:59:37.000;36;2020-04-20;meyries;45453;meyries_36;;;;;;;
S04_2020;LOT032;lot;3-Exploitable;S04-029;Mâle;timidus;630339;2020/03/10 10:15:28.000;29;2020-04-20;moutiere;72772;moutiere_29;;;;;;;
S04_2020;LOT033;lot;3-Exploitable;S04-030;Mâle;timidus;630335;2020/03/10 10:01:22.000;29;2020-04-20;moutiere;72773;moutiere_29;;;;;;;
S04_2020;LOT034;lot;3-Exploitable;S04-111;Femelle;timidus;667711;2020/03/10 08:36:17.000;29;2020-04-20;moutiere;73346;moutiere_29;;;;;;;
S04_2020;LOT035;lot;3-Exploitable;S04-032;Mâle;timidus;630329;2020/03/10 12:29:25.000;29;2020-04-20;moutiere;73349;moutiere_29;;;;;;;
S04_2020;LOT036;lot;3-Exploitable;S04-014;Mâle;timidus;667712;2020/03/10 08:53:24.000;29;2020-04-20;moutiere;73928;moutiere_29;;;;;;;
S04_2020;LOT037;lot;2-Douteux;S04-030;Mâle;timidus;630318;2020/03/10 11:09:41.000;29;2020-04-20;moutiere;73932;moutiere_29;;;;;;;
S04_2020;LOT038;lot;3-Exploitable;S04-029;Mâle;timidus;630315;2020/03/10 10:33:05.000;29;2020-04-20;moutiere;73934;moutiere_29;;;;;;;
S04_2020;LOT039;lot;3-Exploitable;S04-032;Mâle;timidus;667721;2020/03/10 09:58:34.000;29;2020-04-20;moutiere;74511;moutiere_29;;;;;;;
S04_2020;LOT040;lot;3-Exploitable;S04-032;Mâle;timidus;667716;2020/03/10 09:24:51.000;29;2020-04-20;moutiere;75089;moutiere_29;;;;;;;
S04_2020;LOT041;lot;3-Exploitable;S04-032;Mâle;timidus;667707;2020/03/10 09:33:21.000;29;2020-04-20;moutiere;75090;moutiere_29;;;;;;;
S04_2020;LOT042;lot;3-Exploitable;S04-032;Mâle;timidus;667708;2020/03/10 09:43:06.000;29;2020-04-20;moutiere;75091;moutiere_29;;;;;;;
S04_2020;LOT043;lot;3-Exploitable;S04-032;Mâle;timidus;667720;2020/03/10 10:19:29.000;29;2020-04-20;moutiere;75093;moutiere_29;;;;;;;
S04_2020;LOT044;lot;3-Exploitable;S04-012;Mâle;timidus;655558;2020/02/18 13:05:48.000;35;2020-04-20;tete_sanguiniere;80899;tete_sanguinere_35;;;;;;;
S04_2020;LOT045;lot;1-Non exploitable;NA;-;NA;655520;2020/02/19 13:06:24.000;35;2020-04-20;tete_sanguiniere;82069;tete_sanguinere_35;;;;;;;
S04_2020;LOT046;lot;3-Exploitable;S04-012;Mâle;timidus;655572;2020/02/18 13:55:18.000;35;2020-04-20;tete_sanguiniere;82641;tete_sanguinere_35;;;;;;;
S04_2020;LOT047;lot;2-Douteux;NA;Mâle;timidus;655553;2020/02/19 13:43:00.000;35;2020-04-20;tete_sanguiniere;82647;tete_sanguinere_35;;;;;;;
S04_2020;LOT048;lot;1-Non exploitable;NA;-;NA;655566;2020/02/19 13:32:04.000;35;2020-04-20;tete_sanguiniere;82648;tete_sanguinere_35;;;;;;;
S04_2020;LOT049;lot;3-Exploitable;S04-033;Mâle;timidus;655522;2020/02/19 12:39:48.000;35;2020-04-20;tete_sanguiniere;82650;tete_sanguinere_35;;;;;;;
S04_2020;LOT050;lot;3-Exploitable;S04-033;Mâle;timidus;655512;2020/02/19 12:45:49.000;35;2020-04-20;tete_sanguiniere;82651;tete_sanguinere_35;;;;;;;
S04_2020;LOT051;lot;3-Exploitable;S04-012;Mâle;timidus;655568;2020/02/18 14:16:38.000;35;2020-04-20;tete_sanguiniere;83224;tete_sanguinere_35;;;;;;;
S04_2020;LOT052;lot;3-Exploitable;S02-008;Mâle;timidus;655757;2020/02/19 14:10:48.000;35;2020-04-20;tete_sanguiniere;83225;tete_sanguinere_35;;;;;;;
S04_2020;LOT053;lot;3-Exploitable;S04-031;Mâle;timidus;655517;2020/02/19 13:06:50.000;35;2020-04-20;tete_sanguiniere;83232;tete_sanguinere_35;;;;;;;
S04_2020;LOT054;lot;3-Exploitable;S04-034;Femelle;timidus;655501;2020/02/18 11:34:41.000;35;2020-04-20;tete_sanguiniere;83804;tete_sanguinere_35;;;;;;;
S04_2020;LOT055;lot;3-Exploitable;S04-012;Mâle;timidus;655556;2020/02/18 11:18:40.000;35;2020-04-20;tete_sanguiniere;83807;tete_sanguinere_35;;;;;;;
S04_2020;LOT056;lot;3-Exploitable;S04-027;Mâle;timidus;655574;2020/02/18 10:26:11.000;35;2020-04-20;tete_sanguiniere;84387;tete_sanguinere_35;;;;;;;
S04_2020;LOT057;lot;3-Exploitable;S04-012;Mâle;timidus;655502;2020/02/18 10:40:03.000;35;2020-04-20;tete_sanguiniere;84966;tete_sanguinere_35;;;;;;;
S04_2020;LOT058;lot;1-Non exploitable;NA;Mâle;timidus;655750;2020/02/19 11:25:30.000;35;2020-04-20;tete_sanguiniere;84975;tete_sanguinere_35;;;;;;;
S04_2020;LOT059;lot;3-Exploitable;S04-012;Mâle;timidus;655503;2020/02/18 10:22:51.000;35;2020-04-20;tete_sanguiniere;85547;tete_sanguinere_35;;;;;;;
S04_2020;LOT060;lot;3-Exploitable;S04-031;Mâle;timidus;655500;2020/02/19 11:15:49.000;35;2020-04-20;tete_sanguiniere;85556;tete_sanguinere_35;;;;;;;
S04_2020;LOT061;lot;3-Exploitable;S04-012;Mâle;timidus;630467;2020/02/18 10:09:58.000;35;2020-04-20;tete_sanguiniere;86128;tete_sanguinere_35;;;;;;;
S04_2020;LOT062;lot;2-Douteux;S04-027;Mâle;timidus;655515;2020/02/18 10:13:53.000;35;2020-04-20;tete_sanguiniere;86129;tete_sanguinere_35;;;;;;;
S04_2020;LOT063;lot;2-Douteux;NA;Mâle;timidus;630459;2020/02/17 10:58:23.000;35;2020-04-20;tete_sanguiniere;86131;tete_sanguinere_35;;;;;;;
S04_2020;LOT064;lot;3-Exploitable;S04-012;Mâle;timidus;630456;2020/02/17 10:09:20.000;35;2020-04-20;tete_sanguiniere;86711;tete_sanguinere_35;;;;;;;
S04_2020;LOT065;lot;3-Exploitable;S04-010;Mâle;timidus;630457;2020/02/17 10:16:49.000;35;2020-04-20;tete_sanguiniere;86712;tete_sanguinere_35;;;;;;;
S04_2020;LOT066;lot;3-Exploitable;S04-012;Mâle;timidus;630458;2020/02/17 10:37:06.000;35;2020-04-20;tete_sanguiniere;86713;tete_sanguinere_35;;;;;;;
S04_2020;LOT067;lot;3-Exploitable;S04-033;Mâle;timidus;655518;2020/02/19 10:14:30.000;35;2020-04-20;tete_sanguiniere;86716;tete_sanguinere_35;;;;;;;
S04_2020;LOT068;lot;3-Exploitable;S04-112;Femelle;europaeus;655794;2020/01/13 08:17:21.000;42;2020-04-20;rougnouse;87209;rougnouse_42;;;;;;;
S04_2020;LOT069;lot;3-Exploitable;S04-035;Mâle;timidus;629015;2019/12/16 12:06:02.000;48;2020-04-20;gipiere;87286;gipiere_48;;;;;;;
S04_2020;LOT070;lot;3-Exploitable;S04-035;Mâle;timidus;629013;2019/12/16 11:30:37.000;48;2020-04-20;gipiere;87287;gipiere_48;;;;;;;
S04_2020;LOT071;lot;3-Exploitable;S04-113;Femelle;timidus;655797;2020/01/13 10:22:38.000;42;2020-04-20;rougnouse;87786;rougnouse_42;;;;;;;
S04_2020;LOT072;lot;3-Exploitable;S04-036;Mâle;timidus;655799;2020/01/13 09:58:46.000;42;2020-04-20;rougnouse;87787;rougnouse_42;;;;;;;
S04_2020;LOT073;lot;1-Non exploitable;NA;-;NA;630435;2019/12/17 12:09:08.000;48;2020-04-20;gipiere;87861;gipiere_48;;;;;;;
S04_2020;LOT074;lot;3-Exploitable;S04-037;Femelle;timidus;630434;2019/12/17 12:04:38.000;48;2020-04-20;gipiere;87862;gipiere_48;;;;;;;
S04_2020;LOT075;lot;3-Exploitable;S02-008;Mâle;timidus;630433;2019/12/17 11:36:08.000;48;2020-04-20;gipiere;87863;gipiere_48;;;;;;;
S04_2020;LOT076;lot;3-Exploitable;S04-012;Mâle;timidus;629012;2019/12/16 11:24:12.000;48;2020-04-20;gipiere;87868;gipiere_48;;;;;;;
S04_2020;LOT077;lot;3-Exploitable;S04-011;Femelle;timidus;629010;2019/12/16 10:52:44.000;48;2020-04-20;gipiere;87869;gipiere_48;;;;;;;
S04_2020;LOT078;lot;3-Exploitable;S04-037;Femelle;timidus;630432;2019/12/17 11:30:28.000;48;2020-04-20;gipiere;88444;gipiere_48;;;;;;;
S04_2020;LOT079;lot;3-Exploitable;S04-114;Mâle;timidus;655785;2020/01/13 09:01:03.000;42;2020-04-20;rougnouse;88952;rougnouse_42;;;;;;;
S04_2020;LOT080;lot;3-Exploitable;S04-038;Femelle;timidus;628983;2019/12/16 12:55:49.000;48;2020-04-20;gipiere;89031;gipiere_48;;;;;;;
S04_2020;LOT081;lot;3-Exploitable;S04-036;Mâle;timidus;655788;2020/01/13 10:52:56.000;42;2020-04-20;rougnouse;89529;rougnouse_42;;;;;;;
S04_2020;LOT082;lot;3-Exploitable;S04-034;Femelle;timidus;630506;2019/12/16 13:14:09.000;48;2020-04-20;gipiere;89611;gipiere_48;;;;;;;
S04_2020;LOT083;lot;3-Exploitable;S04-012;Mâle;timidus;629007;2019/12/16 10:06:37.000;48;2020-04-20;gipiere;89613;gipiere_48;;;;;;;
S04_2020;LOT084;lot;3-Exploitable;S04-038;Femelle;timidus;630507;2019/12/16 13:19:45.000;48;2020-04-20;gipiere;90192;gipiere_48;;;;;;;
S04_2020;LOT085;lot;3-Exploitable;S04-036;Mâle;timidus;655787;2020/01/13 11:23:33.000;42;2020-04-20;rougnouse;90690;rougnouse_42;;;;;;;
S04_2020;LOT086;lot;3-Exploitable;S04-039;Mâle;timidus;656161;2020/01/21 11:21:31.000;42;2020-04-20;rougnouse;90693;rougnouse_42;;;;;;;
S04_2020;LOT087;lot;3-Exploitable;S04-115;Mâle;timidus;656158;2020/01/21 10:53:11.000;42;2020-04-20;rougnouse;90695;rougnouse_42;;;;;;;
S04_2020;LOT088;lot;3-Exploitable;S04-116;Mâle;timidus;630508;2019/12/16 13:27:31.000;48;2020-04-20;gipiere;90772;gipiere_48;;;;;;;
S04_2020;LOT089;lot;3-Exploitable;S04-040;Femelle;timidus;630409;2019/12/16 14:51:06.000;48;2020-04-20;gipiere;90773;gipiere_48;;;;;;;
S04_2020;LOT090;lot;3-Exploitable;S04-036;Mâle;timidus;656460;2020/01/13 13:50:30.000;42;2020-04-20;rougnouse;91267;rougnouse_42;;;;;;;
S04_2020;LOT091;lot;3-Exploitable;S04-021;Femelle;timidus;655779;2020/01/13 11:41:58.000;42;2020-04-20;rougnouse;91270;rougnouse_42;;;;;;;
S04_2020;LOT092;lot;3-Exploitable;S04-039;Mâle;timidus;656166;2020/01/21 13:42:26.000;42;2020-04-20;rougnouse;91276;rougnouse_42;;;;;;;
S04_2020;LOT093;lot;1-Non exploitable;NA;-;NA;630426;2019/12/17 10:04:30.000;48;2020-04-20;gipiere;91348;gipiere_48;;;;;;;
S04_2020;LOT094;lot;3-Exploitable;S04-040;Femelle;timidus;630410;2019/12/16 14:56:48.000;48;2020-04-20;gipiere;91354;gipiere_48;;;;;;;
S04_2020;LOT095;lot;3-Exploitable;S02-009;Mâle;timidus;630438;2019/12/17 13:25:49.000;48;2020-04-20;gipiere;91355;gipiere_48;;;;;;;
S04_2020;LOT096;lot;3-Exploitable;S04-041;Mâle;timidus;630439;2019/12/17 13:36:14.000;48;2020-04-20;gipiere;91356;gipiere_48;;;;;;;
S04_2020;LOT097;lot;3-Exploitable;S04-039;Mâle;timidus;656162;2020/01/21 11:58:40.000;42;2020-04-20;rougnouse;91853;rougnouse_42;;;;;;;
S04_2020;LOT098;lot;3-Exploitable;S04-042;Mâle;timidus;656154;2020/01/21 11:50:47.000;42;2020-04-20;rougnouse;91854;rougnouse_42;;;;;;;
S04_2020;LOT099;lot;3-Exploitable;S04-117;Femelle;europaeus;630413;2019/12/16 15:13:43.000;48;2020-04-20;gipiere;91932;gipiere_48;;;;;;;
S04_2020;LOT100;lot;3-Exploitable;S04-011;Femelle;timidus;630412;2019/12/16 15:09:10.000;48;2020-04-20;gipiere;91933;gipiere_48;;;;;;;
S04_2020;LOT101;lot;3-Exploitable;S04-041;Mâle;timidus;630440;2019/12/17 13:59:14.000;48;2020-04-20;gipiere;91936;gipiere_48;;;;;;;
S04_2020;LOT102;lot;3-Exploitable;S04-040;Femelle;timidus;630417;2019/12/17 09:13:24.000;48;2020-04-20;gipiere;92510;gipiere_48;;;;;;;
S04_2020;LOT103;lot;3-Exploitable;S04-043;Femelle;europaeus;628976;2019/12/16 08:55:30.000;48;2020-04-20;gipiere;92512;gipiere_48;;;;;;;
S04_2020;LOT104;lot;3-Exploitable;S04-043;Femelle;europaeus;629006;2019/12/16 15:20:03.000;48;2020-04-20;gipiere;92514;gipiere_48;;;;;;;
S04_2020;LOT105;lot;3-Exploitable;S02-009;Mâle;timidus;630441;2019/12/17 14:13:12.000;48;2020-04-20;gipiere;92515;gipiere_48;;;;;;;
S04_2020;LOT106;lot;3-Exploitable;S04-118;Mâle;timidus;656201;2020-01-22 09:22:00;34;2020-04-20;pres_hauts;94793;pres_hauts_34;;;;;;;
S04_2020;LOT107;lot;3-Exploitable;S04-044;Mâle;timidus;656461;2020-01-22 09:58:18;34;2020-04-20;pres_hauts;94796;pres_hauts_34;;;;;;;
S04_2020;LOT108;lot;3-Exploitable;S04-045;Mâle;timidus;656205;2020-01-22 10:17:08;34;2020-04-20;pres_hauts;95376;pres_hauts_34;;;;;;;
S04_2020;LOT109;lot;3-Exploitable;S04-044;Mâle;timidus;656203;2020-01-22 10:31:20;34;2020-04-20;pres_hauts;95377;pres_hauts_34;;;;;;;
S04_2020;LOT110;lot;3-Exploitable;S04-045;Mâle;timidus;656454;2020-01-22 11:05:18;34;2020-04-20;pres_hauts;95379;pres_hauts_34;;;;;;;
S04_2020;LOT111;lot;3-Exploitable;S04-119;Femelle;europaeus;655752;2020-03-04;38;2020-04-20;villard;104711;villard_38;;;;;;;
S04_2020;LOT112;lot;3-Exploitable;S04-028;Mâle;timidus;655767;2020-03-04;38;2020-04-20;villard;104715;villard_38;;;;;;;
S04_2020;LOT113;lot;3-Exploitable;S04-120;Mâle;timidus;655773;2020-03-04;38;2020-04-20;villard;104716;villard_38;;;;;;;
S04_2020;LOT114;lot;3-Exploitable;S04-121;Mâle;europaeus;655758;2020-03-04;38;2020-04-20;villard;105292;villard_38;;;;;;;
S04_2020;LOT115;lot;3-Exploitable;S04-122;Femelle;timidus;655761;2020-03-04;38;2020-04-20;villard;105296;villard_38;;;;;;;
S04_2020;LOT116;lot;3-Exploitable;S04-028;Mâle;timidus;630521;2020-03-04;38;2020-04-20;villard;105874;villard_38;;;;;;;
S04_2020;LOT117;lot;3-Exploitable;S04-123;Femelle;europaeus;655771;2020-03-04;38;2020-04-20;villard;105876;villard_38;;;;;;;
S04_2020;LOT118;lot;3-Exploitable;S04-028;Mâle;timidus;655768;2020-03-04;38;2020-04-20;villard;105877;villard_38;;;;;;;
S04_2020;LOT119;lot;1-Non exploitable;NA;-;NA;630535;2020-03-04;38;2020-04-20;villard;105878;villard_38;;;;;;;
S04_2020;LOT120;lot;3-Exploitable;S04-028;Mâle;timidus;630531;2020-03-04;38;2020-04-20;villard;106456;villard_38;;;;;;;
S04_2020;LOT121;lot;3-Exploitable;S04-124;Mâle;europaeus;630534;2020-03-04;38;2020-04-20;villard;106459;villard_38;;;;;;;
S04_2020;LOT122;lot;3-Exploitable;S04-046;Mâle;europaeus;550110;2020/03/06 10:07:28.000;38;2020-04-20;villard;107034;villard_38;;;;;;;
S04_2020;LOT123;lot;3-Exploitable;S04-125;Mâle;europaeus;630527;2020-03-04;38;2020-04-20;villard;107037;villard_38;;;;;;;
S04_2020;LOT124;lot;3-Exploitable;S04-126;Femelle;europaeus;630532;2020-03-04;38;2020-04-20;villard;107039;villard_38;;;;;;;
S04_2020;LOT125;lot;3-Exploitable;S04-046;Mâle;europaeus;550095;2020/03/06 09:36:39.000;38;2020-04-20;villard;107615;villard_38;;;;;;;
S04_2020;LOT126;lot;3-Exploitable;S04-047;Mâle;europaeus;550122;2020/03/06 11:40:25.000;38;2020-04-20;villard;107616;villard_38;;;;;;;
S04_2020;LOT127;lot;3-Exploitable;S04-047;Mâle;europaeus;550109;2020/03/06 11:48:19.000;38;2020-04-20;villard;107617;villard_38;;;;;;;
S04_2020;LOT128;lot;3-Exploitable;S04-127;Femelle;europaeus;550074;2020/03/04 13:17:12.000;38;2020-04-20;villard;108201;villard_38;;;;;;;
S04_2020;LOT129;lot;3-Exploitable;S04-128;Femelle;europaeus;550061;2020/03/04 08:39:03.000;38;2020-04-20;villard;108778;villard_38;;;;;;;
S04_2020;LOT130;lot;3-Exploitable;S04-129;Femelle;europaeus;550111;2020/03/11 08:23:36.000;27;2020-04-20;serre;112264;serre_27;;;;;;;
S04_2020;LOT131;lot;3-Exploitable;S04-130;Mâle;europaeus;630587;2020/03/11 08:43:20.000;27;2020-04-20;serre;112265;serre_27;;;;;;;
S04_2020;LOT132;lot;1-Non exploitable;NA;-;NA;550097;2020/03/11 13:39:06.000;27;2020-04-20;serre;112266;serre_27;;;;;;;
S04_2020;LOT133;lot;1-Non exploitable;NA;-;NA;550101;2020/03/11 13:10:57.000;27;2020-04-20;serre;112267;serre_27;;;;;;;
S04_2020;LOT134;lot;1-Non exploitable;NA;-;NA;630596;2020/03/11 13:03:49.000;27;2020-04-20;serre;112268;serre_27;;;;;;;
S04_2020;LOT135;lot;1-Non exploitable;NA;-;NA;630602;2020/03/11 10:11:30.000;27;2020-04-20;serre;112272;serre_27;;;;;;;
S04_2020;LOT136;lot;3-Exploitable;S04-131;Mâle;timidus;630598;2020/03/11 13:03:48.000;27;2020-04-20;serre;114596;serre_27;;;;;;;
S04_2020;LOT137;lot;3-Exploitable;S04-132;Mâle;timidus;630536;2020/03/11 09:59:24.000;27;2020-04-20;serre;115173;serre_27;;;;;;;
S04_2020;LOT138;lot;3-Exploitable;S04-133;Femelle;timidus;550112;2020/03/11 10:01:53.000;27;2020-04-20;serre;115754;serre_27;;;;;;;
S04_2020;LOT139;lot;3-Exploitable;S04-042;Mâle;timidus;656167;2020/01/21 12:07:28.000;8;2020-04-20;scluos;116511;scluos_8;;;;;;;
S04_2020;LOT140;lot;3-Exploitable;S04-134;Mâle;timidus;655664;2020/03/11 12:45:55.000;8;2020-04-20;scluos;117093;scluos_8;;;;;;;
S04_2020;LOT141;lot;3-Exploitable;S04-039;Mâle;timidus;656165;2020/01/21 13:45:28.000;8;2020-04-20;scluos;119418;scluos_8;;;;;;;
S04_2020;LOT142;lot;3-Exploitable;S04-135;Mâle;timidus;626120;2020/03/11 11:39:41.000;8;2020-04-20;scluos;119420;scluos_8;;;;;;;
S04_2020;LOT143;lot;3-Exploitable;S04-136;Mâle;timidus;655663;2020-01-30 10:38:49;45;2020-04-20;barn;122331;barn_45;;;;;;;
S04_2020;LOT144;lot;3-Exploitable;S04-048;Mâle;timidus;655658;2020/01/23 14:31:20.000;46;2020-04-20;adus;122333;adus_46;;;;;;;
S04_2020;LOT145;lot;3-Exploitable;S04-049;Mâle;timidus;630363;2020/03/09 00:00:00.000;5;2020-04-20;laupon;122675;laupon_5;;;;;;;
S04_2020;LOT146;lot;3-Exploitable;S04-048;Mâle;timidus;655652;2020/01/23 14:31:20.000;46;2020-04-20;adus;122914;adus_46;;;;;;;
S04_2020;LOT147;lot;3-Exploitable;S04-050;Mâle;timidus;626170;2020/01/23 14:31:20.000;46;2020-04-20;adus;122916;adus_46;;;;;;;
S04_2020;LOT148;lot;3-Exploitable;S04-137;Femelle;timidus;655661;2020/01/23 14:31:20.000;46;2020-04-20;adus;122917;adus_46;;;;;;;
S04_2020;LOT149;lot;3-Exploitable;S04-138;Femelle;timidus;630359;2020/03/09 09:14:49.000;5;2020-04-20;laupon;123253;laupon_5;;;;;;;
S04_2020;LOT150;lot;3-Exploitable;S04-050;Mâle;timidus;655665;2020/01/23 14:31:20.000;46;2020-04-20;adus;123498;adus_46;;;;;;;
S04_2020;LOT151;lot;3-Exploitable;S04-139;Femelle;timidus;628748;2020/03/09 09:54:43.000;5;2020-04-20;laupon;123833;laupon_5;;;;;;;
S04_2020;LOT152;lot;3-Exploitable;S04-049;Mâle;timidus;630281;2020/03/09 09:21:31.000;5;2020-04-20;laupon;123834;laupon_5;;;;;;;
S04_2020;LOT153;lot;3-Exploitable;S04-049;Mâle;timidus;630295;2020/03/09 00:00:00.000;5;2020-04-20;laupon;123837;laupon_5;;;;;;;
S04_2020;LOT154;lot;3-Exploitable;S04-051;Femelle;timidus;655728;2020/03/09 15:36:22.000;5;2020-04-20;laupon;123841;laupon_5;;;;;;;
S04_2020;LOT155;lot;3-Exploitable;S04-140;Femelle;timidus;656173;2020/03/09 00:00:00.000;5;2020-04-20;laupon;124420;laupon_5;;;;;;;
S04_2020;LOT156;lot;3-Exploitable;S04-049;Mâle;timidus;628769;2020/03/09 00:00:00.000;5;2020-04-20;laupon;125000;laupon_5;;;;;;;
S04_2020;LOT157;lot;3-Exploitable;S04-052;Mâle;timidus;655700;2020/03/09 11:33:29.000;5;2020-04-20;laupon;125580;laupon_5;;;;;;;
S04_2020;LOT158;lot;3-Exploitable;S04-052;Mâle;timidus;655705;2020/03/09 11:58:40.000;5;2020-04-20;laupon;126160;laupon_5;;;;;;;
S04_2020;LOT159;lot;3-Exploitable;S04-048;Mâle;timidus;655655;2020/01/23 14:31:20.000;46;2020-04-20;adus;126405;adus_46;;;;;;;
S04_2020;LOT160;lot;3-Exploitable;S04-053;Femelle;timidus;628762;2020/03/09 14:18:08.000;5;2020-04-20;laupon;126741;laupon_5;;;;;;;
S04_2020;LOT161;lot;3-Exploitable;S04-053;Femelle;timidus;655702;2020/03/09 12:27:18.000;5;2020-04-20;laupon;126743;laupon_5;;;;;;;
S04_2020;LOT162;lot;3-Exploitable;S04-051;Femelle;timidus;655747;2020/03/09 00:00:00.000;5;2020-04-20;laupon;126747;laupon_5;;;;;;;
S04_2020;LOT163;lot;3-Exploitable;S04-052;Mâle;timidus;628759;2020/03/09 12:12:40.000;5;2020-04-20;laupon;127319;laupon_5;;;;;;;
S04_2020;LOT164;lot;3-Exploitable;S04-054;Femelle;timidus;655659;2020/01/22 12:35:57.000;32;2020-04-20;millefonts;129290;millefonts_32;;;;;;;
S04_2020;LOT165;lot;3-Exploitable;S04-054;Femelle;timidus;626193;2020/01/22 13:10:58.000;32;2020-04-20;millefonts;129869;millefonts_32;;;;;;;
S04_2020;LOT166;lot;2-Douteux;S04-054;-;timidus;626169;2020/01/22 13:05:10.000;32;2020-04-20;millefonts;129871;millefonts_32;;;;;;;
S04_2020;LOT167;lot;3-Exploitable;S04-054;Femelle;timidus;626178;2020/01/22 12:14:41.000;32;2020-04-20;millefonts;129872;millefonts_32;;;;;;;
S04_2020;LOT168;lot;3-Exploitable;S04-055;Femelle;timidus;626258;2020/01/21 11:29:13.000;41;2020-04-20;sainte_marie;131151;sainte_marie_41;;;;;;;
S04_2020;LOT169;lot;3-Exploitable;S04-141;Mâle;timidus;626269;2020/01/21 13:13:58.000;41;2020-04-20;sainte_marie;131726;sainte_marie_41;;;;;;;
S04_2020;LOT170;lot;3-Exploitable;S04-142;Mâle;timidus;630670;2020/01/21 12:58:48.000;41;2020-04-20;sainte_marie;131728;sainte_marie_41;;;;;;;
S04_2020;LOT171;lot;3-Exploitable;S04-143;Femelle;europaeus;655656;2020/01/22 13:28:48.000;32;2020-04-20;millefonts;132194;millefonts_32;;;;;;;
S04_2020;LOT172;lot;3-Exploitable;S04-055;Femelle;timidus;626260;2020/01/21 13:25:08.000;41;2020-04-20;sainte_marie;132307;sainte_marie_41;;;;;;;
S04_2020;LOT173;lot;3-Exploitable;S04-144;Mâle;europaeus;630661;2020/01/21 11:11:29.000;41;2020-04-20;sainte_marie;132894;sainte_marie_41;;;;;;;
S04_2020;LOT174;lot;3-Exploitable;S04-056;Femelle;europaeus;630520;2020/03/10 09:55:46.000;10;2020-04-20;raton;151279;raton_10;;;;;;;
S04_2020;LOT175;lot;3-Exploitable;S04-056;Femelle;europaeus;630522;2020/03/10 12:04:38.000;10;2020-04-20;raton;154179;raton_10;;;;;;;
S04_2020;LOT223;lot;3-Exploitable;S04-002;Mâle;timidus;655669;2020-01-30 14:33:14;45;2020-04-20;barn;122327;barn_45;;;;;;;
S04_2020;LOT224;lot;3-Exploitable;S04-002;Mâle;timidus;626173;2020-01-30 10:47:10;45;2020-04-20;barn;122329;barn_45;;;;;;;
S04_2020;LOT227;lot;2-Douteux;S04-002;Mâle;timidus;655654;2020/01/23 09:35:29.000;46;2020-04-20;adus;124664;adus_46;;;;;;;
